fuzzer,run,trace_file,lines,hash
boofuzz,run_1,resultados_mutmut/repeated_baseline_replay/20260812_153023/boofuzz/run_1/trace.jsonl,11,00a8f78537d8319d037321252e38a032ca1a3f80ee9940b3da8f22031098b35d
boofuzz,run_2,resultados_mutmut/repeated_baseline_replay/20260812_153023/boofuzz/run_2/trace.jsonl,11,00a8f78537d8319d037321252e38a032ca1a3f80ee9940b3da8f22031098b35d
boofuzz,run_3,resultados_mutmut/repeated_baseline_replay/20260812_153023/boofuzz/run_3/trace.jsonl,11,00a8f78537d8319d037321252e38a032ca1a3f80ee9940b3da8f22031098b35d
boofuzz,run_4,resultados_mutmut/repeated_baseline_replay/20260812_153023/boofuzz/run_4/trace.jsonl,11,00a8f78537d8319d037321252e38a032ca1a3f80ee9940b3da8f22031098b35d
boofuzz,run_5,resultados_mutmut/repeated_baseline_replay/20260812_153023/boofuzz/run_5/trace.jsonl,11,00a8f78537d8319d037321252e38a032ca1a3f80ee9940b3da8f22031098b35d
fume,run_1,resultados_mutmut/repeated_baseline_replay/20260812_153023/fume/run_1/trace.jsonl,205,80154403104ff8564ea81f9125376b8b7bd591a505e6499b10e3e22fafe3b36b
fume,run_2,resultados_mutmut/repeated_baseline_replay/20260812_153023/fume/run_2/trace.jsonl,205,80154403104ff8564ea81f9125376b8b7bd591a505e6499b10e3e22fafe3b36b
fume,run_3,resultados_mutmut/repeated_baseline_replay/20260812_153023/fume/run_3/trace.jsonl,205,80154403104ff8564ea81f9125376b8b7bd591a505e6499b10e3e22fafe3b36b
fume,run_4,resultados_mutmut/repeated_baseline_replay/20260812_153023/fume/run_4/trace.jsonl,205,80154403104ff8564ea81f9125376b8b7bd591a505e6499b10e3e22fafe3b36b
fume,run_5,resultados_mutmut/repeated_baseline_replay/20260812_153023/fume/run_5/trace.jsonl,205,80154403104ff8564ea81f9125376b8b7bd591a505e6499b10e3e22fafe3b36b
scapy,run_1,resultados_mutmut/repeated_baseline_replay/20260812_153023/scapy/run_1/trace.jsonl,711,0aa5c81cabdb3b9cb6e03028847aea196579b0a4821c868b3fb9bc50d8f799cf
scapy,run_2,resultados_mutmut/repeated_baseline_replay/20260812_153023/scapy/run_2/trace.jsonl,711,0aa5c81cabdb3b9cb6e03028847aea196579b0a4821c868b3fb9bc50d8f799cf
scapy,run_3,resultados_mutmut/repeated_baseline_replay/20260812_153023/scapy/run_3/trace.jsonl,711,0aa5c81cabdb3b9cb6e03028847aea196579b0a4821c868b3fb9bc50d8f799cf
scapy,run_4,resultados_mutmut/repeated_baseline_replay/20260812_153023/scapy/run_4/trace.jsonl,711,0aa5c81cabdb3b9cb6e03028847aea196579b0a4821c868b3fb9bc50d8f799cf
scapy,run_5,resultados_mutmut/repeated_baseline_replay/20260812_153023/scapy/run_5/trace.jsonl,711,0aa5c81cabdb3b9cb6e03028847aea196579b0a4821c868b3fb9bc50d8f799cf
